{
  "payment": "cash",
  "variants": [
    "50PLNV50"
  ],
  "pageW": 595.275,
  "pageH": 841.89,
  "policyNumbers": [
    {
      "x": 330.951,
      "y": 466.9635,
      "w": 62.448,
      "h": 19.049999999999976,
      "size": 16.6
    }
  ],
  "accounts": [],
  "opiekunName": {
    "x": 31.453801000000002,
    "y": 150.0405,
    "w": 177.33610000000002,
    "h": 16.275,
    "size": 13.9
  },
  "opiekunPhone": {
    "x": 259.159,
    "y": 80.19930000000004,
    "w": 85.77600000000004,
    "h": 16.275,
    "size": 13.9
  },
  "opiekunEmail": {
    "x": 163.64100000000002,
    "y": 54.782799999999995,
    "w": 277.10999999999996,
    "h": 16.275,
    "size": 13.9
  }
}